# SYNTHETIC DATA - invented for illustration; not measurements from any person.
night_of,bedtime,wake_time,minutes_asleep,steps,evening_screen_min,routine_completed
2026-04-01,22:55,05:38,371,9505,24,1
2026-04-02,23:37,05:52,359,5742,51,1
2026-04-03,00:15,06:37,350,5608,60,1
2026-04-04,00:13,07:18,390,11155,12,0
2026-04-05,00:25,07:40,419,14479,79,0
2026-04-06,22:53,05:36,375,7822,10,1
2026-04-07,23:36,06:37,385,6563,74,1
2026-04-08,23:29,06:01,366,7161,18,1
2026-04-09,00:23,06:46,349,5796,75,0
2026-04-10,01:01,07:46,376,7574,68,0
2026-04-11,00:16,07:34,401,13793,63,1
2026-04-12,,,,8199,15,1
2026-04-13,23:34,06:30,385,11553,41,0
2026-04-14,23:32,06:46,406,11050,26,0
2026-04-15,23:53,06:19,361,4842,14,0
2026-04-16,22:24,04:54,373,9937,81,1
2026-04-17,23:47,06:30,365,8622,65,0
2026-04-18,23:48,06:48,383,9272,78,0
2026-04-19,23:21,06:15,394,10520,49,1
2026-04-20,23:13,06:23,411,14209,,1
2026-04-21,23:12,05:37,365,8256,55,1
2026-04-22,22:48,06:05,405,11559,56,1
2026-04-23,23:49,06:37,386,8761,58,0
2026-04-24,00:57,07:17,365,6672,15,1
2026-04-25,23:04,05:44,381,12145,80,
2026-04-26,22:45,05:39,395,11064,73,1
2026-04-27,23:06,06:02,387,12645,84,0
2026-04-28,23:06,06:10,394,13363,55,1
2026-04-29,22:44,06:01,408,14592,56,1
2026-04-30,23:48,06:01,358,6859,19,1
